name,address,terminal
site 1,CM1 3FF,Seal Sands
site 2,CM2 5AA,West London
site 3,CM2 5AE,North Tees
site 4,CM2 5AR,North Tees
site 5,CM2 5AS,IPC
site 6,CM2 5EF,North Tees
site 7,CM2 5EZ,Seal Sands
site 8,CM2 5LB,Seal Sands
site 9,CM2 5LG,Kingsbury
site 10,CM2 5PA,IPC
site 11,CM2 5PB,Kingsbury
site 12,CM2 5PD,Grangemouth
site 13,CM2 5PF,Kingsbury
site 14,CM2 5PG,West London
site 15,CM2 5PH,Thames
site 16,CM2 5PJ,Bramhall
site 17,CM2 5PL,North Tees
site 18,CM2 5PP,North Tees
site 19,CM2 5PR,Grangemouth
site 20,CM2 5PS,Bramhall
site 21,CM2 5PU,Kingsbury
site 22,CM2 5PW,Grangemouth
site 23,CM2 5PX,Grangemouth
site 24,CM2 5PY,Grangemouth
site 25,CM2 5TH,Kingsbury
site 26,CM2 6AB,Grangemouth
site 27,CM2 6AD,Bramhall
site 28,CM2 6BE,Kingsbury
site 29,CM2 6GA,Kingsbury
site 30,CM2 6GB,Kingsbury
site 31,CM2 6GD,Grangemouth
site 32,CM2 6GF,West London
site 33,CM2 6GJ,Grangemouth
site 34,CM2 6GL,Grangemouth
site 35,CM2 6GN,Thames
site 36,CM2 6GP,Kingsbury
site 37,CM2 6GQ,Seal Sands
site 38,CM2 6GY,Grangemouth
site 39,CM2 6GZ,Seal Sands
site 40,CM2 6LY,IPC
site 41,CM2 6NL,North Tees
site 42,CM2 6NP,Thames
site 43,CM2 6NS,West London
site 44,CM2 6NT,Kingsbury
site 45,CM2 6NU,Seal Sands
site 46,CM2 6NW,Seal Sands
site 47,CM2 6NX,West London
site 48,CM2 6NY,North Tees
site 49,CM2 6NZ,Thames
site 50,CM2 6PA,Thames
site 51,CM2 6PB,Kingsbury
site 52,CM2 6PE,Seal Sands
site 53,CM2 6PF,Grangemouth
site 54,CM2 6PG,West London
site 55,CM2 6PH,Thames
site 56,CM2 6PJ,Kingsbury
site 57,CM2 6PL,West London
site 58,CM2 6PN,Seal Sands
site 59,CM2 6PP,IPC
site 60,CM2 6PT,IPC
site 61,CM2 6PU,North Tees
site 62,CM2 6PW,Kingsbury
site 63,CM2 6PY,West London
site 64,CM2 6QA,IPC
site 65,CM2 6QB,Kingsbury
site 66,CM2 6QD,Bramhall
site 67,CM2 6QE,North Tees
site 68,CM2 6QF,Thames
site 69,CM2 6QG,Thames
site 70,CM2 6QH,IPC
site 71,CM2 6QJ,IPC
site 72,CM2 6QL,Seal Sands
site 73,CM2 6QN,Bramhall
site 74,CM2 6QP,Kingsbury
site 75,CM2 6QQ,IPC
site 76,CM2 6QS,Grangemouth
site 77,CM2 6QW,IPC
site 78,CM2 6RE,IPC
site 79,CM2 6RF,Grangemouth
site 80,CM2 6RG,Seal Sands
site 81,CM2 6RH,Seal Sands
site 82,CM2 6RJ,IPC
site 83,CM2 6RL,Thames
site 84,CM2 6RN,Bramhall
site 85,CM2 6RP,West London
site 86,CM2 6RR,Thames
site 87,CM2 6RS,Grangemouth
site 88,CM2 6RT,West London
site 89,CM2 6RU,Kingsbury
site 90,CM2 6RW,North Tees
site 91,CM2 6RX,Seal Sands
site 92,CM2 6RY,IPC
site 93,CM2 6RZ,Bramhall
site 94,CM2 6SA,Kingsbury
site 95,CM2 6SB,Kingsbury
site 96,CM2 6SD,Thames
site 97,CM2 6SE,Thames
site 98,CM2 6SF,West London
site 99,CM2 6SG,Grangemouth
site 100,CM2 6SH,Bramhall
site 101,CM2 6SJ,Kingsbury
site 102,CM2 6SL,IPC
site 103,CM2 6SN,Kingsbury
site 104,CM2 6SP,North Tees
site 105,CM2 6SQ,Grangemouth
site 106,CM2 6SR,IPC
site 107,CM2 6SS,Seal Sands
site 108,CM2 6ST,Bramhall
site 109,CM2 6SW,IPC
site 110,CM2 6SX,Kingsbury
site 111,CM2 6TA,North Tees
site 112,CM2 6TB,Grangemouth
site 113,CM2 6TD,North Tees
site 114,CM2 6TE,Seal Sands
site 115,CM2 6TG,Thames
site 116,CM2 6TN,West London
site 117,CM2 6TP,Kingsbury
site 118,CM2 6TR,Bramhall
site 119,CM2 6TS,West London
site 120,CM2 6TT,West London
site 121,CM2 6TU,Seal Sands
site 122,CM2 6TW,West London
site 123,CM2 6TX,Thames
site 124,CM2 6TY,IPC
site 125,CM2 6TZ,West London
site 126,CM2 6UA,Kingsbury
site 127,CM2 6UB,Grangemouth
site 128,CM2 6UD,West London
site 129,CM2 6UE,IPC
site 130,CM2 6UF,Grangemouth
site 131,CM2 6UG,Bramhall
site 132,CM2 6UH,IPC
site 133,CM2 6UJ,Seal Sands
site 134,CM2 6UL,West London
site 135,CM2 6UN,Seal Sands
site 136,CM2 6UP,Bramhall
site 137,CM2 6UQ,West London
site 138,CM2 6UR,North Tees
site 139,CM2 6US,Seal Sands
site 140,CM2 6UT,West London
site 141,CM2 6UU,North Tees
site 142,CM2 6UW,Kingsbury
site 143,CM2 6UX,Bramhall
site 144,CM2 6UY,IPC
site 145,CM2 6UZ,Thames
site 146,CM2 6WQ,Grangemouth
site 147,CM2 6WS,Grangemouth
site 148,CM2 6WT,Grangemouth
site 149,CM2 6WU,West London
site 150,CM2 6XD,Kingsbury
site 151,CM2 6XE,IPC
site 152,CM2 6XH,Seal Sands
site 153,CM2 6XJ,Thames
site 154,CM2 6XL,Grangemouth
site 155,CM2 6XN,Thames
site 156,CM2 6XP,Grangemouth
site 157,CM2 6XQ,Kingsbury
site 158,CM2 6XR,IPC
site 159,CM2 6XU,North Tees
site 160,CM2 6XW,West London
site 161,CM2 6YF,IPC
site 162,CM2 6YG,Thames
site 163,CM2 6YH,North Tees
site 164,CM2 6YJ,Thames
site 165,CM2 6YL,Thames
site 166,CM2 6YN,West London
site 167,CM2 6YP,West London
site 168,CM2 6YR,IPC
site 169,CM2 6YS,Kingsbury
site 170,CM2 6YU,IPC
site 171,CM2 6YW,Grangemouth
site 172,CM2 6YX,West London
site 173,CM2 6YZ,West London
site 174,CM2 6ZZ,Seal Sands
site 175,CM2 7AE,Bramhall
site 176,CM2 7AG,Bramhall
site 177,CM2 7AQ,West London
site 178,CM2 7FL,West London
site 179,CM2 7FP,North Tees
site 180,CM2 7RG,Grangemouth
site 181,CM2 7RH,IPC
site 182,CM2 7RJ,North Tees
site 183,CM2 7RL,Kingsbury
site 184,CM2 7RN,IPC
site 185,CM2 7RP,Bramhall
site 186,CM2 7RQ,West London
site 187,CM2 7RR,West London
site 188,CM2 7RS,Thames
site 189,CM2 7RU,Seal Sands
site 190,CM2 7RW,North Tees
site 191,CM2 7RY,Bramhall
site 192,CM2 7RZ,Grangemouth
site 193,CM2 7SA,North Tees
site 194,CM2 7SB,Grangemouth
site 195,CM2 7SD,IPC
site 196,CM2 7SE,Bramhall
site 197,CM2 7SF,North Tees
site 198,CM2 7SG,Grangemouth
site 199,CM2 7SH,West London
site 200,CM2 7SJ,IPC
site 201,CM2 7SL,North Tees
site 202,CM2 7SN,West London
site 203,CM2 7SP,Bramhall
site 204,CM2 7SQ,North Tees
site 205,CM2 7ST,Kingsbury
site 206,CM2 7SX,Bramhall
site 207,CM2 7SY,Kingsbury
site 208,CM2 7SZ,Bramhall
site 209,CM2 7TA,Bramhall
site 210,CM2 7TB,IPC
site 211,CM2 7TE,West London
site 212,CM2 7TF,Kingsbury
site 213,CM2 7TG,Thames
site 214,CM2 7TH,Seal Sands
site 215,CM2 7TJ,Kingsbury
site 216,CM2 7TN,Bramhall
site 217,CM2 7TP,Seal Sands
site 218,CM2 7TQ,Seal Sands
site 219,CM2 7TS,Bramhall
site 220,CM2 7TT,Bramhall
site 221,CM2 7TU,North Tees
site 222,CM2 7TW,Thames
site 223,CM2 7TX,Kingsbury
site 224,CM2 7TY,North Tees
site 225,CM2 7UA,Grangemouth
site 226,CM2 7UJ,IPC
site 227,CM2 7US,Thames
site 228,CM2 8DA,North Tees
site 229,CM2 8JR,Kingsbury
site 230,CM2 8JS,Grangemouth
site 231,CM2 8JU,Bramhall
site 232,CM2 8JX,Bramhall
site 233,CM2 8JY,IPC
site 234,CM2 8JZ,North Tees
site 235,CM2 8LD,North Tees
site 236,CM2 8LS,Seal Sands
site 237,CM2 8LT,North Tees
site 238,CM2 8LZ,Thames
site 239,CM2 8ND,North Tees
site 240,CM2 8NE,Kingsbury
site 241,CM2 8NF,Grangemouth
site 242,CM2 8NG,Thames
site 243,CM2 8NH,Grangemouth
site 244,CM2 8NJ,IPC
site 245,CM2 8NL,West London
site 246,CM2 8NN,Bramhall
site 247,CM2 8NP,North Tees
site 248,CM2 8NQ,West London
site 249,CM2 8NR,IPC
site 250,CM2 8NS,IPC