AITKENHEAD BUCCANEER S/STATION,IV30 4LF,20088644,Aberdeen Caledonian
AITKENHEAD NEW ELGIN S/STATION,IV30 6BG,20088650,Aberdeen Caledonian
MOSSTODLOCH SERVICE STATION,IV32 7LH,20086977,Aberdeen Caledonian
MALEK GREET F STN,B11 2HA,20083540,Birmingham
KEMPSTON GREET F STN,B11 2HA,20116234,Birmingham
MAAN DUDLEY ROAD S STN,B18 4HB,20038205,Birmingham
KEYFUELS D DUDLEY ROAD S STN,B18 4HB,20040062,Birmingham
UK FUELS D DUDLEY ROAD SS,B18 4HB,20073148,Birmingham
WIDALL TRUEMANS HEATH FILLING STN,B47 5QJ,20089283,Birmingham
CHANCO CRANFORD ST S STN,B66 2RX,20084680,Birmingham
PENI SANDWELL SERVICE STATION,B69 3DS,20113679,Birmingham
MALEK BORDESLEY GREEN S STN,B9 5NS,20077535,Birmingham
KEYFUELS D MRH RYTON,CV3 4EX,20068404,Birmingham
MRH RYTON,CV3 4EX,20082991,Birmingham
MRH MERRYHILL,DY5 1SY,20081679,Birmingham
KEYFUELS D MRH MERRYHILL,DY5 1SY,20081734,Birmingham
SYMONDS LONDON RD S STN,GL1 3HB,20081598,Birmingham
BROBOT CORBY NORTH,NN17 2AE,20086316,Birmingham
KEYFUELS D BROBOT SOUTHERN GATEWAY,NN18 8TJ,20084532,Birmingham
BROBOT CORBY SOUTHERN GATEWAY,NN18 8TJ,20084615,Birmingham
UK FUELS D FURTHERGATE SS,BB1 3HQ,20074769,Bramhall
HIGHSHOT HASLINGDEN S STN,BB4 5PD,20110128,Bramhall
KEYFUELS D MALTHURST RANKIN,BD16 2RD,20069872,Bramhall
MRH RANKIN F STN,BD16 2RD,20083939,Bramhall
KEYFUELS D RIVINGTON NORTH S/STN,BL6 5UZ,20085850,Bramhall
KEYFUELS D RIVINGTON SOUTH S/STN,BL6 5UZ,20085852,Bramhall
CROWN D BR,BL9 7HY,20077495,Bramhall
UK FUELS D M6 DIESEL TEBAY,CA10 3SS,20072718,Bramhall
KEYFUELS D M6 DIESEL TEBAY,CA10 3SS,20075659,Bramhall
UK FUELS D ULLSWATER ROAD,CA11 7EH,20073569,Bramhall
UK FUELS D PENRITH TRUCK STOP,CA11 9EH,20074134,Bramhall
KEYFUELS D PENRITH TRUCK STOP,CA11 9EH,20075660,Bramhall
UK FUELS D GOLDEN FLEECE SS,CA4 0AN,20072738,Bramhall
KEYFUELS D GOLDEN FLEECE SS,CA4 0AN,20075656,Bramhall
UK FUELS D HARKER SS,CA6 4DT,20072740,Bramhall
WIRRAL FUELS D BR,CH1 6LZ,20088837,Bramhall
BLAKEMORE BUCKLEY,CH7 2NJ,20115622,Bramhall
MFG PARK VIEW S STN,DE45 1AW,20088912,Bramhall
UK FUELS D PARK VIEW S STN,DE45 1AW,20089341,Bramhall
PATEL WEST VALE F STN FOR,HX4 8BQ,20086384,Bramhall
MATALAN KNOWSLEY D BR,L33 3AY,20089145,Bramhall
UK FUELS D GOODWIN CORP,L33 7XS,20081219,Bramhall
KEYFUELS D GOODWIN CORP,L33 7XS,20087452,Bramhall
STANDARD FUELS D BR,L33 7XS,20088011,Bramhall
KEYFUELS D QUAY FUELS,L5 9TE,20073480,Bramhall
UK FUELS D COUNTY OILS,L5 9ZA,20072734,Bramhall
COUNTY D BR,L5 9ZA,20073477,Bramhall
KEYFUELS D MOTO FORTON NORTH,LA2 9DU,20076008,Bramhall
KEYFUELS D MOTO FORTON SOUTH,LA2 9DU,20076014,Bramhall
KEYFUELS D TRUCKHAVEN,LA5 9RQ,20075628,Bramhall
UK FUELS D M6 DIESEL CROOKLANDS,LA7 7NX,20072730,Bramhall
UK FUELS D MOSTYN BROADWAY S STN,LL3 1YR,20088604,Bramhall
KEYFUELS D MOSTYN BROADWAY S STN,LL3 1YR,20088638,Bramhall
UK FUEL LTD MOSTYN BROADWAY S STN,LL30 1YR,20088605,Bramhall
PATEL WHARRELS S STN,LS28 9AY,20081286,Bramhall
UK FUELS D WHARRELS SERVICE STATION,LS28 9AY,20082925,Bramhall
PATEL ROSEVILLE S STN,LS8 5DT,20081300,Bramhall
KEYFUELS D ROSEVILLE SS,LS8 5DT,20081365,Bramhall
UK FUELS D ROSEVILLE SS,LS8 5DT,20081677,Bramhall
UK FUELS D TRAFFORD PARK S STN,M17 1JL,20040521,Bramhall
KEYFUELS D TRAFFORD PARK SS,M17 1PG,20075627,Bramhall
KEYFUELS D TURNERS SOHAM LTD,M32 0YQ,20087826,Bramhall
MASTER ENTERPRIZE LEA GATE S STN,PR4 0XB,20109718,Bramhall
UK FUELS D RIBBLE FUELS,PR5 8AN,20074866,Bramhall
HERMON HODGE D BR BANKS,PR9 8BY,20074453,Bramhall
PETROGAS SHEFFIELD S/STATION,S2 1GE,20113702,Bramhall
MFG BRIMINGTON S STN,S43 1DE,20088913,Bramhall
STODDARDS D BR,ST10 1JF,20073476,Bramhall
KEYFUELS D M56 COUNTY OILS,WA7 3EZ,20040911,Bramhall
UK FUELS D M56 DERV STOP,WA7 3EZ,20069243,Bramhall
COUNTY D BR RUNCORN,WA7 3EZ,20073478,Bramhall
CALDO OILS D BR,WA9 3EZ,20075249,Bramhall
KEYFUELS D DARRINGTON S/STATION,WF83HU,20083786,Bramhall
UK FUELS D FILEY S STN,YO11 3NX,20075849,Coryton
UK FUELS D TAYSIDE SERV AREA,DD2 4UY,20087716,Grangemouth
KEYFUELS D FORFAR,DD4 9BT,20040356,Grangemouth
UK FUELS D FORFAR,DD4 9BT,20040357,Grangemouth
MORGAN FUELS FORFAR ROAD D GR,DD4 9BT,20086166,Grangemouth
NONIS FORFAR ROAD S STN,DD4 9BT,20087899,Grangemouth
UK FUELS D JOHNSTONE OIL,DG1 3PG,20070435,Grangemouth
FUSCO BORDER CARS,DG2 9DX,20087558,Grangemouth
GALLOWAY CREEBRIDGE GARAGE,DG8 6NP,20088105,Grangemouth
KEYFUELS D MACH ENTERPRISES,EH33 1NF,20076081,Grangemouth
UK FUELS D MACH ENT,EH33 1NF,20086573,Grangemouth
STARK BIRSLEY GARAGE,EH33 2NT,20086578,Grangemouth
AITKEN BY PASS SERVICE S STN,EH41 3PH,20087728,Grangemouth
AITKEN RIGG S STN,EH42 1DE,20087729,Grangemouth
KEYFUELS D ARMADALE S S,EH48 2PE,20084267,Grangemouth
BULLS ARMADALE S STN,EH48 2PE,20086428,Grangemouth
MFG GLENDEVON S STN,EH52 6PX,20088935,Grangemouth
MFG NEWTON S STN,EH52 6QE,20088914,Grangemouth
JUNER RESTALRIG SERVICE STATION,EH7 6UW,20089119,Grangemouth
CLARKSON MENSTRIE F STN,FK11 7BX,20087419,Grangemouth
KEYFUELS D MENSTRIE F STN,FK11 7BX,20115781,Grangemouth
KEYFUELS D BONNYBRIDGE,FK4 1BU,20084762,Grangemouth
COWDEN BONNYBRIDGE FSTN,FK4 1BU,20089455,Grangemouth
ASSOCIATED AGRICULTURAL OILS D GR,FK7 8AL,20040291,Grangemouth
UK FUELS D MUIRPARK GARAGE,FK7 8AL,20070437,Grangemouth
KEYFUELS D ASS AGRICULTURAL OIL LTD,FK7 8AL,20070781,Grangemouth
MORRISONS GARAGE,FK7 8HQ,20087403,Grangemouth
CLARKSON BOULEVARD F STN,G15 8LW,20087425,Grangemouth
KEYFUELS D BOULEVARD F STN,G15 8LW,20115774,Grangemouth
SAEED SUPERSAVE SPRINGBURN,G21 1LZ,20088368,Grangemouth
HIGHLAND DARNLEYMILL S/STATION,G53 7RZ,20089053,Grangemouth
N & S MOTORS GRAHAM GARAGE,G66 4EF,20087953,Grangemouth
MFG ABRONHILL S STN,G67 3PD,20088936,Grangemouth
PARKS OF HAMILTON EAST KILBRIDE,G74 3XH,20085349,Grangemouth
PARKS OF HAMILTON EAST KILBRIDE,G74 3XH,20113739,Grangemouth
CAMPBELL CAMPBELL FUEL OILS,KA1 3LS,20087325,Grangemouth
CAMPBELL D GR HURLFORD ROAD,KA1 3LT,20038549,Grangemouth
KEYFUELS D SPRINGBANK S STN,KA12 8NF,20075221,Grangemouth
MORGAN FUELS SPRINGBANK D GR,KA12 8NF,20085342,Grangemouth
UK FUELS D SPRINGBANK S STN,KA12 8NF,20085724,Grangemouth
ROWAN SPRINGBANK SERVICE STATION,KA12 8NF,20088975,Grangemouth
HIGHLAND RAVENSPARK F/STATION,KA12 8RY,20089052,Grangemouth
BRIDGEND AUCHINLECK,KA18 2AB,20081301,Grangemouth
KEYFUELS D BRIDGEND GARAGE,KA18 2AB,20081599,Grangemouth
UK FUELS D BRIDGEND GARAGE,KA18 2AB,20081651,Grangemouth
BDC FUELS JD CAMERON.,KA19 7AQ,20110096,Grangemouth
MASCOT ARDEER S STN,KA20 3BE,20088356,Grangemouth
PARKHOUSE GARAGE,KA22 8AA,20086689,Grangemouth
MRH GALSTON,KA4 8LB,20077087,Grangemouth
KEYFUELS D MRH GALSTON,KA4 8LB,20077160,Grangemouth
GIBSON AYR ROAD S STN,KA6 7SJ,20038159,Grangemouth
UK FUELS D AYR ROAD SS,KA6 7SJ,20085473,Grangemouth
MOTOR FUEL BOTHWELL S STN,KY11 3AF,20086691,Grangemouth
HIGHLAND SANDY BRAE S STN,KY8 5JN,20089050,Grangemouth
PARKS OF HAMILTON MOTHERWELL,ML1 3DU,20085345,Grangemouth
PARKS OF HAMILTON MOTHERWELL,ML1 3DU,20113736,Grangemouth
PARKS OF HAMILTON M & J CARFIN,ML1 5AL,20085346,Grangemouth
PARKS OF HAMILTON M & J CARFIN,ML1 5AL,20113737,Grangemouth
UK FUELS D CAIRN LODGE FS,ML11 0JU,20071018,Grangemouth
KEYFUELS D COOPER BROS,ML2 8HF,20040708,Grangemouth
UK FUELS D COOPER BROS,ML2 8HF,20040762,Grangemouth
COOPER BROTHERS,ML2 8HF,20089349,Grangemouth
PARKS OF HAMILTON TOWNHEAD GARAGE,ML3 0AY,20085348,Grangemouth
PARKS OF HAMILTON TOWNHEAD GARAGE,ML3 0AY,20113735,Grangemouth
PARKS OF HAMILTON STRATHAVEN RD,ML3 7TN,20085347,Grangemouth
PARKS OF HAMILTON STRATHAVEN RD,ML3 7TN,20113738,Grangemouth
PARKS OF HAMILTON PARK LANE S STN,ML5 4RX,20085723,Grangemouth
KEYFUELS D HAUGH HEAD GARAGE,NE71 6QP,20042469,Grangemouth
UK FUELS D HAUGH HEAD GARAGE,NE71 6QP,20071097,Grangemouth
EAGLE ROAD HAUGH HEAD GARAGE,NE71 6QP,20088991,Grangemouth
CAMPBELL D GR HAWKHEAD ROAD,PA2 7BE,20038550,Grangemouth
FINE FUEL HAWKHEAD STN,PA2 7BE,20083086,Grangemouth
HIGHLAND SHEILING S STN,PA2 8PL,20089051,Grangemouth
KEYFUELS D COT HOUSE SERVICES,PA23 8QT,20075519,Grangemouth
UK FUELS D COT HOUSE SERVICES,PA23 8QT,20076411,Grangemouth
MORGAN FUELS COT HOUSE D GR,PA23 8QT,20086617,Grangemouth
MURRAY COT HOUSE SERVICES,PA23 8QT,20113041,Grangemouth
DULAI ABBOTSINCH S STN,PA4 9AE,20087752,Grangemouth
TRISTAN PETROLEUM LTD,PH1 3HY,20087544,Grangemouth
KEYFUELS D ALMOND BANK SS,PH1 3NZ,20085480,Grangemouth
L GARDINER BLAIRGOWRIE SS,PH10 6DQ,20081190,Grangemouth
CO OP ABERFELDY F STN,PH15 2AF,20088189,Grangemouth
KEYFUELS D SOUTH INCH SELF SERV,PH2 8AR,20077515,Grangemouth
UK FUELS D SOUTH INCH FILLING STN,PH2 8AR,20081295,Grangemouth
J R PETROLEUM SOUTH INCH,PH2 8AR,20085374,Grangemouth
UK FUELS D BALLINLUIG F STN,PH9 0LG,20074462,Grangemouth
AITKEN WALKER DUNS S STN,TD11 3LR,20088033,Grangemouth
KEYFUELS D DUNS S STN,TD11 3LR,20113954,Grangemouth
CO OP EARLSTON F STN,TD4 6DF,20112894,Grangemouth
MAXWELL MOTORS,TD5 8AY,20086310,Grangemouth
UK FUELS D MAXWELL MOTORS F STN,TD5 8AY,20089692,Grangemouth
BARTON D GRAYS OAKLEY,MK43 7TA,20110122,Grays
RAWLINGS D GRAYS,RG27 9HU,20081383,Grays
CANUTE D GRAYS,RM15 4YD,20039536,Grays
STEVENAGE OIL CO D GRAYS,SG6 1HJ,20085997,Grays
BARTON D GRAYS WATFORD,WD24 7GP,20070577,Grays
CARR INVERINATE SERVICE STATION,IV40 8HB,20110090,Inverness
FLOGAS BIRMINGHAM PRO,B35 7BT,20082865,IPC
KEYFUELS D BROBOT KEIGHLEY,BD21 1BB,20040719,IPC
UK FUELS D BROBOT KEIGHLEY,BD21 1BB,20040774,IPC
BROBOT KEIGHLEY,BD21 1BB,20084659,IPC
CAMBRIAN QUEENSFERRY PRO,CH5 2QJ,20041985,IPC
CAMBRIAN QUEENSFERRY BUT,CH5 2QJ,20041986,IPC
BROBOT LITTLEOVER,DE23 6QF,20084658,IPC
KEYFUELS D A6 TRUCKSTOP,DE4 2HY,20066764,IPC
KEYFUELS D STRETTON BROBOT,DE5 6EW,20039976,IPC
BROBOT STRETTON,DE55 6EW,20084631,IPC
BHATHAL SINGH POTTERIES S STN,DE56 1JL,20088465,IPC
PAR D IM,DH4 6DU,20074223,IPC
TICKHILL GARAGE LTD,DN11 9QP,20088161,IPC
PETROGAS HOWDEN S/STATION,DN14 7TA,20116565,IPC
MFG STEELMAKERS S STN,DN15 6AJ,20089071,IPC
KEYFUELS D STEELMAKERS S STN,DN15 6AJ,20089308,IPC
PETROGAS SCUNTHORPE S/STATION,DN16 2AQ,20113697,IPC
MFG SCUNTHORPE S STN,DN16 3BJ,20088939,IPC
MRH WESTCLIFFE,DN17 2BJ,20082780,IPC
KEYFUELS D MRH WESTCLIFFE,DN17 2BJ,20082984,IPC
MOTOR FUEL HARVEST S STN,DN2 4NF,20086692,IPC
MFG BRIDGE S STN,DN21 1JU,20088965,IPC
KEYFUELS D BRIDGE S STN,DN21 1JU,20089367,IPC
EDF ENERGY D IM,DN22 0ET,20067130,IPC
CANUTE D IM,DN22 0QL,20042393,IPC
VASEEHARAN WHITEHOUSES S STN,DN22 7JG,20086305,IPC
EDF ENERGY D IM,DN22 9BL,20039560,IPC
INTAKE INTAKE 10,DN3 3AE,20086341,IPC
MFG ROUNDHEAD S STN,DN31 2BA,20089070,IPC
MRH ST MARTINS,DN33 2BG,20108924,IPC
MFG MARINERS S STN,DN33 2PZ,20089087,IPC
MFG DONCASTER S STN,DN4 0JL,20089088,IPC
UK FUELS D REFINERY FILLING STATION,DN40 3DJ,20066473,IPC
KEYFUELS D REFINERY FILLING STATION,DN40 3DJ,20066474,IPC
NJB SERVICES REFINERY F STN,DN40 3DJ,20089208,IPC
BARRIECARS DUNSVILLE,DN7 4BS,20083364,IPC
MFG DUNSCROFT S STN,DN7 4JP,20088938,IPC
KEYFUELS D DUNSCROFT S STN,DN7 4JP,20089307,IPC
SK FUELS SMALLEYS GARAGE,DN8 4JD,20084301,IPC
KEYFUELS D MOTO DONCASTER NORTH,DN8 5GS,20076013,IPC
CH JONES MOTO DONCASTER SFGO,DN8 5GS,20112449,IPC
SK FUEL CENTRAL GARAGE,DN9 1LR,20084295,IPC
KEYFUELS D BIRCHENCLIFFE S STN,HD3 3BX,20115958,IPC
CJ STERN SCAR LANE MOTORS,HD3 4QA,20038318,IPC
KEYFUELS D SOVEREIGN S STN,HD8 8BL,20115965,IPC
MFG EAGLE THREE S STN,HG3 1ER,20088983,IPC
KEYFUELS D OASIS GARAGE,HU11 5JX,20038884,IPC
BLAKE BROTHERS OASIS,HU11 5JX,20085800,IPC
MFG NORTH FERRIBY S STN,HU14 3HH,20089068,IPC
KEYFUELS D NORTH FERRIBY S STN,HU14 3HH,20089113,IPC
LPG DIRECT NORTHERN D ACC,HU15 2BY,20087345,IPC
MFG BEVERLEY S STN,HU17 9DH,20088937,IPC
MRH MAYFAIR,HU5 2LD,20083261,IPC
KEYFUELS D MRH MAYFAIR,HU5 2LD,20083442,IPC
MFG PRINCES AVENUE S STN,HU5 3QA,20089069,IPC
SK FUELS SUTTON ROAD,HU7 0AG,20084296,IPC
MFG STONEFERRY NORTH S STN,HU7 0EG,20089072,IPC
UK FUELS D STONEFERRY NORTH S STN,HU7 0EG,20089343,IPC
CJ STERN COTE HILL S STN,HX2 7NB,20038319,IPC
BDS FUELS PRO,LA6 2NE,20038433,IPC
KEYFUELS D ADAMS & SONS,LE15 9DL,20076083,IPC
ADAMS & SONS ADAMS GARAGE,LE15 9DL,20077698,IPC
UK FUELS D ADAMS & SONS,LE15 9DL,20081218,IPC
MORGAN FUELS ADAMS AND SONS D,LE15 9DL,20114290,IPC
CENTRAL GARAGE SYCAMORES S STN,LE15 9RN,20087430,IPC
WATSON D IM LOUTH FORMULA,LN11 0WB,20076036,IPC
KRISH EMPIRE GARAGE D IM,LN12 1PX,20112448,IPC
UK FUELS D WRAGBY ROAD SS,LN2 4QY,20089383,IPC
KEYFUELS D WRAGBY RD S STN,LN2 4QY,20110661,IPC
GRADEBROOK WRAGBY ROAD F/STATION,LN2 4RA,20110272,IPC
BROBOT WADDINGTON S STN,LN5 9NJ,20084671,IPC
VASEEHARAN NESHAHRAN RAMPER S STN,LN6 9NP,20088904,IPC
MFG APOLLO S STN,LS10 1JU,20088940,IPC
UK FUELS D APOLLO S STN,LS10 1JU,20089342,IPC
KEYFUELS D MOTO WETHERBY,LS22 5HF,20076005,IPC
MFG EUROPA S STN,LS28 6HQ,20088947,IPC
UK FUELS D EUROPA S STN,LS28 6HQ,20089366,IPC
KEYFUELS D WHARRELS SS,LS28 9AY,20081357,IPC
KEYFUELS D MALTHURST PHOENIX,LS7 2JD,20070075,IPC
MRH PHOENIX F STN,LS7 2JD,20083938,IPC
EQUALRESPONSE D PRO,M17 1SE,20070796,IPC
KEYFUELS D PYLON S STN,NG13 8LA,20038888,IPC
BROBOT EAST BRIDGFORD,NG13 8LA,20084607,IPC
KEYFUELS D BROBOT CALVERTON,NG14 6NW,20064528,IPC
BROBOT CALVERTON S STN,NG14 6NW,20084673,IPC
BROBOT SKEGBY,NG17 3DT,20084642,IPC
KEYFUELS D BROBOT MANSFIELD,NG21 0JX,20039656,IPC
BROBOT RAINWORTH,NG21 0JX,20084640,IPC
MFG INTERCHANGE S STN,NG24 2DF,20088984,IPC
KEYFUELS D INTERCHANGE S STN,NG24 2DF,20089141,IPC
KEYFUELS D BROBOT NEWARK,NG24 4EQ,20039673,IPC
BROBOT NEWARK,NG24 4EQ,20084641,IPC
BLAKEMORE NEWARK,NG24 4SE,20115623,IPC
KEYFUELS D BROBOT GRANTHAM,NG31 8BZ,20064529,IPC
BROBOT GRANTHAM S STN,NG31 8BZ,20084672,IPC
UK FUELS D BROBOT GRANTHAM,NG31 8BZ,20111269,IPC
SPRING LANE JUBILEE S STN,NG33 5JL,20082919,IPC
FLOGAS PETERBOROUGH PRO,PE1 5YD,20082870,IPC
WATSON D IM WISBECH FORM,PE13 2RD,20083463,IPC
CPS D IM,PE13 2TZ,20088668,IPC
KEYFUELS D FOUR WINDS,PE20 3QF,20075487,IPC
UK FUELS D FOUR WINDS,PE20 3QF,20075488,IPC
HECKINGTON FOUR WINDS,PE20 3QF,20087855,IPC
JJ FUELS D IM,PE22 0PH,20038859,IPC
FOLD HILL OLD LEAKE PRO,PE22 9PJ,20042071,IPC
MRH GAYWOOD,PE30 4PR,20082679,IPC
KEYFUELS D MRH GAYWOOD,PE30 4PR,20082983,IPC
KEYFUELS D BROOMHILL F STN,PE38 9QY,20077117,IPC
UK FUELS D BROOMHILL FS,PE38 9QY,20081534,IPC
DOWNHAM BROOMHILL S STN,PE38 9QY,20087849,IPC
KEYFUELS D WOODRANGE,PE4 6LQ,20040491,IPC
UK FUELS D WOODRANGE SS,PE4 6LQ,20071219,IPC
WOODGRANGE SERVICE STATION LTD,PE4 6LQ,20088067,IPC
UK FUELS D TALLINGTON,PE9 4RN,20039556,IPC
KEYFUELS D TALLINGTON,PE9 4RN,20040354,IPC
VASEEHARAN TALLINGTON S STN .,PE9 4RN,20086279,IPC
PREMIER LPG D IM,PR2 5NQ,20108064,IPC
BROBOT WOODHOUSE,S13 9WF,20084609,IPC
INTAKE INTAKE 9,S18 8YN,20085312,IPC
BROBOT DINNINGTON,S25 3QY,20084657,IPC
KEYFUELS D MALTHURST CROWN,S35 4JB,20065507,IPC
MRH CROWN F STN,S35 4JB,20083936,IPC
WAVIN HAZLEHEAD BUT,S36 4HG,20042083,IPC
AA A AB ZA BHAM PARTNERS,S36 8AF,20070361,IPC
HUSSAIN OWLER LN FSTN,S4 8GF,20066511,IPC
KEYFUELS D OWLER SS,S4 8GF,20071725,IPC
UK FUELS D OWLER LANE S STN,S4 8GF,20087365,IPC
FLOGAS STAVELEY PRO,S43 3YN,20082869,IPC
BROBOT HILLSBOROUGH,S6 2BY,20084608,IPC
MFG MASBROUGH S STN,S60 1HT,20089067,IPC
MFG JOLLY MILLER S STN,S60 2PE,20089066,IPC
COX SITWELL F STN,S60 4HQ,20039658,IPC
HUSSAIN MEADOWBANK FSTN,S61 2DX,20066512,IPC
KEYFUELS D MEADOWBANK SS,S61 2DX,20071644,IPC
UK FUELS D MEADOW BANK S STN,S61 2DX,20087366,IPC
INTAKE INTAKE 6,S63 6DQ,20085310,IPC
INTAKE INTAKE 4,S64 0HL,20085293,IPC
MFG SWINTON S STN,S64 8AP,20089086,IPC
UK FUELS D SWINTON S STN,S64 8AP,20089309,IPC
INTAKE INTAKE 7,S64 9HD,20085313,IPC
INTAKE INTAKE 3,S70 1YB,20085292,IPC
INTAKE INTAKE 2,S71 2DD,20085311,IPC
INTAKE INTAKE 5,S71 2PA,20085294,IPC
BROBOT ROYSTON,S71 4NJ,20084675,IPC
BROBOT HOYLAND,S74 0ET,20084643,IPC
SK FUEL CROSS KEYS,S74 0PY,20084917,IPC
INTAKE INTAKE 1.,S75 2DZ,20085291,IPC
SK FUEL TURNPIKE,S75 6JX,20084302,IPC
PRABAKARAN GATEFORD SERVICE STN,S80 1UE,20089727,IPC
CHESH WORK STALYBRIDGE BUT,SK15 1PT,20039270,IPC
CHESH WORK STALYBRIDGE PRO,SK15 1PT,20039271,IPC
MFG JACOBS WELL S STN,WF1 3NS,20089065,IPC
KEYFUELS D GLASS HOUGHTON SSTN,WF10 4RS,20117204,IPC
KEYFUELS D EXELBY SERVICES,WF10 5QH,20038898,IPC
UK FUELS D EXELBY,WF10 5QH,20039227,IPC
CUNDALL CHIDSWELL S STN,WF12 7QW,20083116,IPC
SK FUEL HORBURY BRIDGE AUTOPOINT,WF4 5PT,20084297,IPC
SK FUEL VIADUCT F STN,WF4 5QA,20084298,IPC
KEYFUELS D OSSETT SS,WF5 9AD,20075895,IPC
PINDERCO OSSETT S/STN,WF5 9AD,20089568,IPC
SK FUEL PROSPECT GARAGE,WF6 2HL,20084300,IPC
KEYFUELS D GRADE F STN,WF9 2JH,20113299,IPC
BOROUGH PARK GRADE F STN,WF9 2JH,20113329,IPC
COUNTRYWIDE D PROP IM,WR8 9DF,20088400,IPC
COUNTRYWIDE D BUT IM,WR8 9DF,20088401,IPC
HINGLEY DROITWICH PRO,WR9 0NR,20042084,IPC
LISTER WEDNESBURY PRO,WS10 0AW,20038927,IPC
RECTORY SPARROW BUT,Y041 1JE,20038960,IPC
KEYFUELS D FILEY S/STN,YO11 3NX,20075741,IPC
RICHARDSON FILEY SERVICE STATION,YO11 3NX,20077694,IPC
RICHARDSON FILEY S STN SPLIT,YO11 3NX,20087913,IPC
KEYFUELS D PRIMROSE VALLEY,YO14 9QR,20038887,IPC
UK FUELS D PRIMROSE VALLEY S STN,YO14 9QR,20074386,IPC
RICHARDSON PRIMROSE VALLEY,YO14 9QR,20077693,IPC
RICHARDSON PRIMROSE VALLEY SPLIT,YO14 9QR,20087914,IPC
ARMSTRONG MASSEY LTD,YO25 6RX,20083405,IPC
RECTORY SPARROW PRO,YO41 1JE,20038959,IPC
UK FUELS D YORK RD GARAGE,YO42 4HS,20069614,IPC
ROBINSON YORK ROAD GARAGE,YO42 4HS,20083846,IPC
KEYFUELS D YORK RD GARAGE,YO42 4HS,20084043,IPC
NJB SERVICES ABBEYSIDE F STN,YO8 8NA,20061102,IPC
KEYFUELS D ABBEYSIDE F STN,YO8 8NA,20112136,IPC
PETROGAS SMALL HEATH S/STATION,B10 0AE,20113664,Kingsbury
KEYFUELS D MRH KEYHILL,B18 5AU,20083756,Kingsbury
MRH KEYHILL,B18 5AU,20083901,Kingsbury
KEYFUELS D MOTO FRANKLEY SOUTH,B32 4AR,20089001,Kingsbury
KEYFUELS D MOTO FRANKLEY NORTH,B32 4AR,20089002,Kingsbury
MFG STECHFORD S STN,B33 9AL,20089123,Kingsbury
MFG RUBERY S STN,B45 9RQ,20089120,Kingsbury
KEYFUELS D SWAN SERVICE CENTRE,B61 7ER,20040908,Kingsbury
UK FUELS D SWAN S STN,B61 7ER,20064705,Kingsbury
MOTOR FUEL HAGLEY RD S STN,B66 4AU,20086637,Kingsbury
CHANCO SHIRELAND S STN,B66 4RD,20084574,Kingsbury
SANGHERA WHYNOT FILLING STATION,B75 7ET,20088684,Kingsbury
KEYFUELS D WHYNOT S STN,B75 7ET,20110097,Kingsbury
UK FUELS D WHYNOT SERVICE STATION,B75 7ET,20116439,Kingsbury
AKSHAR CORPORATION LTD,B78 3SB,20085420,Kingsbury
WAZIR DOGHILL FILLING STATION,B80 7DF,20085330,Kingsbury
UK FUELS D DOGHILL SS,B80 7DF,20085472,Kingsbury
KEYFUELS D DOGHILL SS,B80 7DF,20085656,Kingsbury
KEYFUELS D LINCOLN FARM CAFE,B92 0LS,20071432,Kingsbury
KEYFUELS D MALTHURST WARWICK RD,CV8 1FB,20067928,Kingsbury
MRH WARWICK ROAD F STN,CV8 1FB,20083940,Kingsbury
KEYFUELS D JT LEAVESLEY,DE13 7AB,20074461,Kingsbury
UK FUELS D JT LEAVESLEY LTD,DE13 7AB,20074531,Kingsbury
KEYFUELS D NEEDWOOD,DE13 9PD,20039737,Kingsbury
MACKAY NEEDWOOD S STN,DE13 9PD,20040556,Kingsbury
MFG BURTON ON TRENT S STN,DE15 9SQ,20089121,Kingsbury
MFG DERBY S STN,DE21 4BD,20088958,Kingsbury
QUADAMILL LOWER KILBURN GARAGE,DE56 0NH,20088148,Kingsbury
KEYFUELS D A38 NORTH BROBOT,DE65 6GY,20039978,Kingsbury
BROBOT A38 NORTHBOUND,DE65 6GY,20084748,Kingsbury
PETROGAS ILKESTON S/STATION,DE7 5FH,20113700,Kingsbury
BROBOT BREASTON S STN,DE72 3AF,20084670,Kingsbury
HINGLEY D KI,DY13 9QB,20038838,Kingsbury
HINGLEY D KI TRIGGER,DY13 9QB,20063179,Kingsbury
LYE MILL SERVICE STATION,DY9 8EE,20089728,Kingsbury
MFG PEDMORE S STN,DY9 9HJ,20088948,Kingsbury
SHARMA BRIERLEY SERVICE STATION,GL17 9DL,20088710,Kingsbury
KEYFUELS D BRIERLEY SERVICE STATION,GL17 9DL,20089205,Kingsbury
MOTOR FUEL CHELTENHAM S STN,GL52 5JF,20087191,Kingsbury
MFG FLYOVER S STN,LE1 3XP,20088959,Kingsbury
PETROGAS HINCKLEY S/STATION,LE10 0NB,20113698,Kingsbury
PETROGAS HINCKLEY A5 S/STATION,LE10 3ED,20113701,Kingsbury
MOTOR FUEL MORCOTT,LE15 9DL,20089390,Kingsbury
MRH A6 BYPASS,LE16 7TH,20081333,Kingsbury
THE PROTHEROE MOTOR GROUP LTD,LE16 9HD,20040436,Kingsbury
BROBOT WIGSTON,LE18 3PW,20086317,Kingsbury
T YAQUB STATION ROAD,LE65 2GL,20077690,Kingsbury
KEYFUELS D STATION RD SERVICE STATI,LE65 2GL,20080228,Kingsbury
UK FUELS D STATION RD S S,LE65 2GL,20081652,Kingsbury
HOUGHTON GARAGE LTD,LE7 9HJ,20085290,Kingsbury
BARTON D KI OAKLEY,MK43 7TA,20070579,Kingsbury
KEYFUELS D BROBOT BUNNY S STN,NG11 6QT,20064527,Kingsbury
UK FUELS D BROBOT BUNNY,NG11 6QT,20075416,Kingsbury
BROBOT BUNNY S STN,NG11 6QT,20084674,Kingsbury
COTGRAVE SERVICE STATION,NG12 3HQ,20109719,Kingsbury
MFG SPORTSMAN S STN,NG2 3HE,20088926,Kingsbury
MFG OLD BASFORD S STN,NG6 OJW,20089124,Kingsbury
YOUNG & STEEL BRIDGE S STN,NN10 6DZ,20038360,Kingsbury
MATALAN CORBY D KI,NN17 5XN,20084215,Kingsbury
MFG CORBY S STN,NN18 8AA,20089089,Kingsbury
KEYFUELS D CORBY S STN,NN18 8AA,20089340,Kingsbury
KEYFUELS D GRANGE FARM,NN4 0LY,20040855,Kingsbury
UK FUELS D GRANGE FARM SERV,NN4 0LY,20069611,Kingsbury
MFG FARCOTTON S STN,NN4 8AG,20088960,Kingsbury
UK FUELS D FARCOTTON S STN,NN4 8AG,20089338,Kingsbury
WATSON D KI NORTHAMPTON FORMULA,NN6 9BW,20076037,Kingsbury
BELLINGER BELLINGERS S STN,OX12 0DH,20072086,Kingsbury
ANTELOPE GARAGE,OX165AQ,20075816,Kingsbury
WATSON D KI BRIZE NORTON FORMULA,OX18 3QQ,20076039,Kingsbury
PETROCELL HOPCROFTS HOLT S/STN,OX25 5QQ,20088900,Kingsbury
FORD D KI,RG17 7TJ,20073475,Kingsbury
KADREE LICHFIELD ST S STN,ST1 3EB,20084780,Kingsbury
KEYFUELS D UTTOXETER SERVICES,ST14 5AA,20083888,Kingsbury
MARTIN MCCOLL SWIFT S STN,ST3 4JP,20076326,Kingsbury
KEYFUELS D MRH HIGHERLAND,ST5 2TL,20077498,Kingsbury
MRH HIGHERLAND,ST5 2TL,20077540,Kingsbury
MFG STOKE ON TRENT S STN,ST6 6SH,20088911,Kingsbury
MFG TELFORD S STN,TF7 4JG,20089125,Kingsbury
KEYFUELS D GEORGE OAKLEY CO,TF7 4QT,20065401,Kingsbury
UK FUELS D VALE SERVICES,WR11 7QP,20064712,Kingsbury
KEYFUELS D VALE SERVICES,WR11 7QP,20071266,Kingsbury
KEYFUELS D STRENSHAM MOTORWAY SERVS,WR8 0BZ,20066448,Kingsbury
PETROGAS WEDNESBURY S/STATION,WS10 0NP,20113695,Kingsbury
KEYFUELS D WEDNESBURY S STN,WS10 7QD,20074498,Kingsbury
ARAF STADIUM GARAGE,WS11 5RW,20086194,Kingsbury
KEYFUELS D CH JONES,WS2 9PB,20067077,Kingsbury
MFG BLOXWICH S STN,WS3 2TZ,20089122,Kingsbury
UK FUELS D BLOXWICH S STN,WS3 2TZ,20089344,Kingsbury
KEYFUELS D SHELFIELD SS,WS4 1PQ,20074766,Kingsbury
UK FUELS D SHELFIELD SS,WS4 1PQ,20081635,Kingsbury
LEYHURST SHELFIELD SERVICE STATION,WS4 1PQ,20084725,Kingsbury
UK FUELS D M6 DIESEL LTD,WV10 7LZ,20040510,Kingsbury
KEYFUELS D SAREDON F STN,WV10 7LZ,20040583,Kingsbury
PETROGAS WOLVERHAMPTON S/STATION,WV10 ORE,20113696,Kingsbury
KEYFUELS D MOTO HILTON PARK NORTH,WV11 2AT,20076009,Kingsbury
KEYFUELS D MOTO HILTON PARK SOUTH,WV11 2AT,20076015,Kingsbury
MFG LANE HEAD S STN,WV12 4JQ,20088956,Kingsbury
KEYFUELS D NIGHTOWL CARLISLE,CA3 0JR,20064652,North Tees
SIMPSON D TEESSIDE SPOT 15 DAYS,DL15 5QL,20085053,North Tees
UK FUELS D WJ DAVIDSON & SON,NE70 7JU,20073031,North Tees
KSC BELLS HILL S STN,DH4 6RG,20089432,Teesside Vopak
KEYFUELS C BELLS HILL S STN,DH4 6RG,20089496,Teesside Vopak
UK FUELS C BELLS HILL S STN,DH4 6RG,20089612,Teesside Vopak
KSC RED TILES S STN,DH7 6TJ,20089433,Teesside Vopak
KEYFUELS C RED TILES S STN,DH7 6TJ,20089498,Teesside Vopak
UK FUELS C RED TILES S STN,DH7 6TJ,20089614,Teesside Vopak
MORGAN FUELS C FIR TREE S STN,DJ15 8EA,20110664,Teesside Vopak
KSC PARK HEAD S STN,DL14 8QE,20089430,Teesside Vopak
KEYFUELS C PARK HEAD S STN,DL14 8QE,20089497,Teesside Vopak
UK FUELS C PARK HEAD S STN,DL14 8QE,20089613,Teesside Vopak
UK FUELS D OAKLEYS SERVICE STATION,DL14 9PB,20070063,Teesside Vopak
KEYFUELS D OAKLEY SS,DL14 9PB,20070261,Teesside Vopak
OAKLEY SERVICE STATION LTD,DL14 9PB,20083667,Teesside Vopak
KSC FIR TREE S STN,DL15 8EA,20089436,Teesside Vopak
KSC FIR TREE S STN SPLIT,DL15 8EA,20089438,Teesside Vopak
KEYFUELS C FIR TREE FILLING STN,DL15 8EA,20089493,Teesside Vopak
UK FUELS C FIR TREE FILLING STN,DL15 8EA,20089610,Teesside Vopak
KSC BRIDGE END GARAGE,DL15 8ES,20089431,Teesside Vopak
KSC BRIDGE END GARAGE SPLIT,DL15 8ES,20089437,Teesside Vopak
KEYFUELS C BRIDGE END GARAGE,DL15 8ES,20089500,Teesside Vopak
UK FUELS C BRIDGE END GARAGE,DL15 8ES,20089616,Teesside Vopak
KSC CARMEL RD S STN,DL3 8DQ,20089428,Teesside Vopak
KEYFUELS C CARMEL ROAD S STN,DL3 8DQ,20089499,Teesside Vopak
UK FUELS C CARMEL ROAD S STN,DL3 8DQ,20089615,Teesside Vopak
KSC RIDGEWAY S STN,NE34 8AQ,20089435,Teesside Vopak
KEYFUELS C RIDGEWAY S STN,NE34 8AQ,20089501,Teesside Vopak
UK FUELS C RIDGEWAY S STN,NE34 8AQ,20089617,Teesside Vopak
G NICHOLSON ENG LTD,NE37 2TD,20081780,Teesside Vopak
KEYFUELS D G NICHOLSON ENG LTD,NE37 2TD,20081781,Teesside Vopak
ARMSTRONG WESTBURN S STN,NE40 4TX,20038051,Teesside Vopak
UK FUELS D FOXCOVER SS,SR3 3ND,20089382,Teesside Vopak
GRADEBROOK FOXCOVER FILLING STATION,SR3 3ND,20110271,Teesside Vopak
KEYFUELS D FOXCOVER F STN,SR3 3ND,20110660,Teesside Vopak
KSC MONKWEARMOUTH S STN,SR5 1AP,20089434,Teesside Vopak
KEYFUELS C MONKWEARMOUTH S STN,SR5 1AP,20089495,Teesside Vopak
UK FUELS C MONKWEARMOUTH S STN,SR5 1AP,20089611,Teesside Vopak
MFG CLEADON S STN,SR6 7PQ,20088949,Teesside Vopak
ROADSIDE RECTORY LANE F STN,TS14 7DH,20088592,Teesside Vopak
MFG STOCKTON S STN,TS20 2PN,20088980,Teesside Vopak
KSC BRADBURY S STN,TS21 2ES,20089429,Teesside Vopak
KEYFUELS C BRADBURY S STN,TS21 2ES,20089492,Teesside Vopak
UK FUELS C BRADBURY S STN,TS21 2ES,20089599,Teesside Vopak
MORGAN FUELS C BRADBURY S STN,TS21 2ES,20110091,Teesside Vopak
KEYFUELS D STOKESLEY,TS9 5AG,20076464,Teesside Vopak
UK FUELS D STOKESLEY MOTORS,TS9 5AG,20081729,Teesside Vopak
STOKESLEY MOTORS,TS9 5AG,20109835,Teesside Vopak
MOTOR FUEL FAIRMILE S STN,BH23 2LP,20087815,Thames
LIBRA FINDON ROAD S STN,BN14 0AB,20089526,Thames
CO OP NESS ROAD GARAGE,CB25 0AA,20109451,Thames
KEYFUELS D NORTH STREET,CB9 0EP,20039897,Thames
UK FUELS D NORTH STREET GARAGES,CB9 0EP,20071301,Thames
JRW NORTH STREET GARAGES,CB9 0EP,20083894,Thames
WESTROPE MOTORS,CB9 7DP,20083975,Thames
COOKSON LAWFORD SERVICE STATION,CO11 2EH,20076225,Thames
ARUNTHAVARAJAH PEGWELL BAY S STN,CT12 5JB,20038269,Thames
KEYFUELS D PEGWELL,CT12 5JB,20040438,Thames
ARUNTHAVARAJAH PALMARSH S STN,CT21 4ND,20040353,Thames
KEYFUELS D PALMARSH,CT21 4ND,20040437,Thames
SIX MILE GARAGE LTD,CT4 6DN,20039518,Thames
KEYFUELS D SIX MILE GARAGE,CT4 6DN,20039681,Thames
MFG CRUSADER S STN,CT5 4LX,20088982,Thames
UK FUELS D CRUSADER S STN,CT5 4LX,20089336,Thames
MFG LEYCO S STN,E10 6QA,20088954,Thames
LEYTONSTONE GREENMAN S STN,E11 1PP,20083524,Thames
KEYFUELS D LEYTONSTONE,E11 4PG,20042111,Thames
LEYTONSTONE S STN,E11 4PG,20084463,Thames
MFG HIGHAMS LODGE S STN,E17 6AA,20088952,Thames
RAVIKUMAR CLAPTON S STN,E5 8EQ,20085700,Thames
MFG POTTERS BAR S STN,EN6 2QU,20088941,Thames
KEYFUELS D WALTHAM CROSS,EN8 7NJ,20039973,Thames
WALTHAM CROSS SERVICE STATION,EN8 7NJ,20074009,Thames
VADHER MAYFIELD S STN,IG3 9RY,20038218,Thames
KEYFUELS D MAYFIELD SELF SERV,IG3 9RY,20073876,Thames
PATEL NEW NORTH ROAD S STN,IG6 3AD,20086917,Thames
CLARKS GARAGE LTD,IG8 8PN,20039519,Thames
POTTER POTTERS F STN,IP13 9EE,20084817,Thames
SMITH & WESBY DARSHAM SERVICE STN,IP17 3PW,20084721,Thames
AW & D HAMMOND LTD HAMMONDS,IP19 8BU,20040782,Thames
KEYFUELS D ULTRATOP NORTH TERRACE,IP28 7AA,20089097,Thames
SIVABALAN NORTH TERRACE GARAGE,IP28 7AA,20089165,Thames
MFG CAPELGATE S STN,IP9 2JJ,20088943,Thames
UK FUELS D CAPELGATE S STN,IP9 2JJ,20089339,Thames
KEYFUELS D CHESSINGTON S/STN,KT9 1PL,20083290,Thames
OPALRISE CHESSINGTON S STN,KT9 1PL,20083307,Thames
KEYFUELS D MRH LEAGRAVE,LU4 9LQ,20083755,Thames
MRH LEAGRAVE,LU4 9LQ,20083900,Thames
FROST FROST S STN,ME1 3RL,20039818,Thames
KEYFUELS D FROSTS S STATION,ME1 3RL,20039911,Thames
UK FUELS D FROSTS SS,ME1 3RL,20071476,Thames
MRH OFFHAM,ME19 5AL,20082762,Thames
KEYFUELS D MRH OFFHAM,ME19 5AL,20082982,Thames
FOUR ELMS SOUTH SVC STN LTD,ME3 8LL,20038147,Thames
FOUR ELMS NORTH SVC STN LTD,ME3 8LL,20038148,Thames
KEYFUELS D FOUR ELMS NORTH,ME3 8LL,20038880,Thames
KEYFUELS D FOUR ELMS SOUTH,ME3 8LL,20038881,Thames
UK FUELS D FOUR ELMS NORTH S STN,ME3 8LL,20040758,Thames
UK FUELS D FOUR ELMS SOUTH S STN,ME3 8LL,20040759,Thames
SHARMA HERTFORD ROAD GARAGE,N9 7HL,20075346,Thames
VASEEHARAN GRAND PRIX S STN,N9 9HL,20109984,Thames
ENOCH CASTLE SERVICE STATION,NR1 1PN,20088720,Thames
VAS INTERNATIONAL COLTISHALL F STN,NR12 7DH,20071551,Thames
BROADLAND MOTOR CO,NR12 8SL,20084007,Thames
NANTHAKUMAR HEMSBY SERVICE STATION,NR29 4NL,20110152,Thames
MFG NORTHGATE S STN,NR30 1DA,20088928,Thames
NPRT GUNTON GARAGE,NR32 4AA,20085573,Thames
A & F ENGINEERING,NR6 5NQ,20087326,Thames
THUNDER LANE GARAGE,NR7 9NQ,20077499,Thames
KEYFUELS D THUNDER LN,NR7 9NQ,20077567,Thames
UK FUELS D THUNDER LN,NR7 9NQ,20081561,Thames
KEYFUELS D EMSWORTH S STATION,PO10 7JD,20087827,Thames
UK FUELS D EMSWORTH S STATION,PO10 7JD,20087871,Thames
EMSWORTH SERVICE STATION,PO10 7JD,20087875,Thames
MOTOR FUEL EAST GRINSTEAD S STN,RH19 1ET,20086653,Thames
MFG GRAYS S STN,RM17 6EW,20088927,Thames
MFG CHADWELL HEATH S STN,RM6 6AU,20088981,Thames
NTRS LTD FIVE STAR SERVICE STATION,SE20 7AE,20111176,Thames
HERNE HILL SERVICE STATION,SE24 0HJ,20076460,Thames
MRH WELL HALL,SE9 6SX,20082764,Thames
KEYFUELS D MRH WELL HALL,SE9 6SX,20083015,Thames
H C MOTORS,SG11 1AZ,20075942,Thames
JOHN R FORD,SG17 5BE,20075308,Thames
KEYFUELS D JOHN R FORD,SG17 5BE,20075608,Thames
MFG FORLEASE ROAD S STN,SL6 1UB,20088955,Thames
LEYTONSTONE STANFORD,SS17 0PF,20086337,Thames
UK FUELS D STARTHILL S STN,SS4 1RF,20073590,Thames
KEYFUELS D STARTHILL SS,SS4 1RF,20076086,Thames
SIVABALAN STARTHILL S STN,SS4 1RF,20112822,Thames
MFG CANVEY ISLAND S STN,SS8 7RF,20088942,Thames
MFG EAST STOUR S STN,TN24 8AH,20088953,Thames
UK FUELS D EAST STOUR S STN,TN24 8AH,20089337,Thames
JEMPSONS JEMPSONS GARAGE,TN31 6YD,20085001,Thames
MFG HASTINGS S STN,TN38 8BH,20088961,Thames
MFG BEXHILL S STN,TN40 1QF,20088945,Thames
MFG MILL ROAD S STN,UB7 7EQ,20088957,Thames
MOTOR FUEL KINGSMEAD S STN,GU14 7JT,20087190,West London
SONCO COLLEGE S STN,GU22 8BT,20039879,West London
WOOLMER SERVICE STATION LTD,GU35 9QF,20038153,West London
UK FUELS D WOOLMER SS,GU35 9QF,20076417,West London
KEYFUELS D WOOLMER SS,GU35 9QF,20085273,West London
OCKFORD RD D WL,GU7 1QY,20089147,West London
KEYFUELS D OCKFORD ROAD FS,GU7 1QY,20089153,West London
PARTH KENTON PARK S STN,HA3 9DP,20112945,West London
MFG HIGH WYCOMBE S STN,HP13 7EX,20088944,West London
UK FUELS D HIGH WYCOMBE S STN,HP13 7EX,20089365,West London
MARCO POLO QUEENSWAY S STN,HP2 5HD,20113596,West London
MOTOR FUEL AMERSHAM S STN,HP6 6AJ,20086652,West London
MFG OYSTER LANE S STN,KT14 7JH,20088946,West London
AGNIHOTRI KINGSTON RD S STN,KT19 0SH,20066185,West London
GREEN ROAD GREEN ROAD S STN,PO5 4DY,20038138,West London
PORTSBRIDGE SERVICE STATION LTD,PO6 2SJ,20038154,West London
MOTOR FUEL BATH ROAD S STN,SL1 3XE,20087192,West London
AGNIHOTRI BRENTFORD S STN,TW8 0DU,20039566,West London
PETROGAS GREENFORD S/STATION,UB6 0EJ,20113699,West London
BARTON D WL WATFORD,WD24 7GP,20088987,West London